path,task,label,event_idx,view_idx,split
C:\Users\Yannick\data\soccer\ViewClasses\OuterView\sprt 089312.jpg,view,OuterView,-1,1,train
C:\Users\Yannick\data\soccer\ViewClasses\longView\sprt 104033.jpg,view,longView,-1,3,val
C:\Users\Yannick\data\soccer\ViewClasses\ShotView\sprt 027775.jpg,view,ShotView,-1,2,train
C:\Users\Yannick\data\soccer\ViewClasses\OuterView\sprt 001823.jpg,view,OuterView,-1,1,val
C:\Users\Yannick\data\soccer\ViewClasses\OuterView\sprt 016817.jpg,view,OuterView,-1,1,train
C:\Users\Yannick\data\soccer\ViewClasses\ShotView\sprt 100868.jpg,view,ShotView,-1,2,train
C:\Users\Yannick\data\soccer\ViewClasses\ShotView\sprt 072574.jpg,view,ShotView,-1,2,test
C:\Users\Yannick\data\soccer\ViewClasses\OuterView\sprt 121318.jpg,view,OuterView,-1,1,val
C:\Users\Yannick\data\soccer\ViewClasses\MediumView\sprt 024974.jpg,view,MediumView,-1,0,train
C:\Users\Yannick\data\soccer\ViewClasses\ShotView\sprt 124228.jpg,view,ShotView,-1,2,test
C:\Users\Yannick\data\soccer\ViewClasses\OuterView\sprt 005249.jpg,view,OuterView,-1,1,train
C:\Users\Yannick\data\soccer\ViewClasses\longView\sprt 107155.jpg,view,longView,-1,3,val
C:\Users\Yannick\data\soccer\ViewClasses\longView\sprt 137391.jpg,view,longView,-1,3,train
C:\Users\Yannick\data\soccer\ViewClasses\MediumView\sprt 099181.jpg,view,MediumView,-1,0,train
C:\Users\Yannick\data\soccer\ViewClasses\MediumView\sprt 023307.jpg,view,MediumView,-1,0,test
C:\Users\Yannick\data\soccer\ViewClasses\MediumView\sprt 054425.jpg,view,MediumView,-1,0,test
C:\Users\Yannick\data\soccer\ViewClasses\longView\sprt 110677.jpg,view,longView,-1,3,train
C:\Users\Yannick\data\soccer\ViewClasses\longView\sprt 118674.jpg,view,longView,-1,3,train
C:\Users\Yannick\data\soccer\ViewClasses\longView\sprt 103783.jpg,view,longView,-1,3,test
C:\Users\Yannick\data\soccer\ViewClasses\OuterView\sprt 000254.jpg,view,OuterView,-1,1,train
C:\Users\Yannick\data\soccer\ViewClasses\ShotView\sprt 015651.jpg,view,ShotView,-1,2,train
C:\Users\Yannick\data\soccer\ViewClasses\longView\sprt 137910.jpg,view,longView,-1,3,train
C:\Users\Yannick\data\soccer\ViewClasses\ShotView\sprt 100586.jpg,view,ShotView,-1,2,val
C:\Users\Yannick\data\soccer\ViewClasses\ShotView\sprt 045325.jpg,view,ShotView,-1,2,val
C:\Users\Yannick\data\soccer\ViewClasses\OuterView\sprt 070119.jpg,view,OuterView,-1,1,val
C:\Users\Yannick\data\soccer\ViewClasses\MediumView\sprt 055180.jpg,view,MediumView,-1,0,val
C:\Users\Yannick\data\soccer\ViewClasses\ShotView\sprt 098888.jpg,view,ShotView,-1,2,test
C:\Users\Yannick\data\soccer\ViewClasses\longView\sprt 023545.jpg,view,longView,-1,3,test
C:\Users\Yannick\data\soccer\ViewClasses\ShotView\sprt 098893.jpg,view,ShotView,-1,2,test
C:\Users\Yannick\data\soccer\ViewClasses\ShotView\sprt 100642.jpg,view,ShotView,-1,2,train
C:\Users\Yannick\data\soccer\ViewClasses\MediumView\sprt 071817.jpg,view,MediumView,-1,0,val
C:\Users\Yannick\data\soccer\ViewClasses\longView\sprt 029981.jpg,view,longView,-1,3,train
C:\Users\Yannick\data\soccer\ViewClasses\MediumView\sprt 030855.jpg,view,MediumView,-1,0,train
C:\Users\Yannick\data\soccer\ViewClasses\ShotView\sprt 136507.jpg,view,ShotView,-1,2,train
C:\Users\Yannick\data\soccer\ViewClasses\longView\sprt 093424.jpg,view,longView,-1,3,val
C:\Users\Yannick\data\soccer\ViewClasses\MediumView\sprt 069355.jpg,view,MediumView,-1,0,train
C:\Users\Yannick\data\soccer\ViewClasses\MediumView\sprt 055177.jpg,view,MediumView,-1,0,test
C:\Users\Yannick\data\soccer\ViewClasses\OuterView\sprt 001633.jpg,view,OuterView,-1,1,train
C:\Users\Yannick\data\soccer\ViewClasses\OuterView\sprt 091492.jpg,view,OuterView,-1,1,train
C:\Users\Yannick\data\soccer\ViewClasses\ShotView\sprt 073791.jpg,view,ShotView,-1,2,test
C:\Users\Yannick\data\soccer\ViewClasses\OuterView\sprt 000962.jpg,view,OuterView,-1,1,train
C:\Users\Yannick\data\soccer\ViewClasses\longView\sprt 103154.jpg,view,longView,-1,3,train
C:\Users\Yannick\data\soccer\ViewClasses\longView\sprt 112353.jpg,view,longView,-1,3,train
C:\Users\Yannick\data\soccer\ViewClasses\OuterView\sprt 001330 - Copy.jpg,view,OuterView,-1,1,train
C:\Users\Yannick\data\soccer\ViewClasses\OuterView\sprt 045423 - Copy.jpg,view,OuterView,-1,1,train
C:\Users\Yannick\data\soccer\ViewClasses\OuterView\sprt 090317.jpg,view,OuterView,-1,1,train
C:\Users\Yannick\data\soccer\ViewClasses\MediumView\sprt 026407.jpg,view,MediumView,-1,0,train
C:\Users\Yannick\data\soccer\ViewClasses\OuterView\sprt 090777.jpg,view,OuterView,-1,1,val
C:\Users\Yannick\data\soccer\ViewClasses\ShotView\sprt 042665.jpg,view,ShotView,-1,2,test
C:\Users\Yannick\data\soccer\ViewClasses\OuterView\sprt 000103.jpg,view,OuterView,-1,1,test
C:\Users\Yannick\data\soccer\ViewClasses\ShotView\sprt 089269.jpg,view,ShotView,-1,2,val
C:\Users\Yannick\data\soccer\ViewClasses\ShotView\sprt 072743.jpg,view,ShotView,-1,2,train
C:\Users\Yannick\data\soccer\ViewClasses\MediumView\sprt 051947.jpg,view,MediumView,-1,0,train
C:\Users\Yannick\data\soccer\ViewClasses\longView\sprt 030132.jpg,view,longView,-1,3,train
C:\Users\Yannick\data\soccer\ViewClasses\longView\sprt 028761.jpg,view,longView,-1,3,train
C:\Users\Yannick\data\soccer\ViewClasses\longView\sprt 017826.jpg,view,longView,-1,3,train
C:\Users\Yannick\data\soccer\ViewClasses\longView\sprt 129858.jpg,view,longView,-1,3,train
C:\Users\Yannick\data\soccer\ViewClasses\ShotView\sprt 027796.jpg,view,ShotView,-1,2,train
C:\Users\Yannick\data\soccer\ViewClasses\longView\sprt 003974.jpg,view,longView,-1,3,train
C:\Users\Yannick\data\soccer\ViewClasses\MediumView\sprt 112941.jpg,view,MediumView,-1,0,train
C:\Users\Yannick\data\soccer\ViewClasses\longView\sprt 136899.jpg,view,longView,-1,3,train
C:\Users\Yannick\data\soccer\ViewClasses\MediumView\sprt 020401.jpg,view,MediumView,-1,0,val
C:\Users\Yannick\data\soccer\ViewClasses\MediumView\sprt 024675.jpg,view,MediumView,-1,0,val
C:\Users\Yannick\data\soccer\ViewClasses\longView\sprt 091833.jpg,view,longView,-1,3,train
C:\Users\Yannick\data\soccer\ViewClasses\MediumView\sprt 072166.jpg,view,MediumView,-1,0,train
C:\Users\Yannick\data\soccer\ViewClasses\MediumView\sprt 071847.jpg,view,MediumView,-1,0,train
C:\Users\Yannick\data\soccer\ViewClasses\MediumView\sprt 040679.jpg,view,MediumView,-1,0,test
C:\Users\Yannick\data\soccer\ViewClasses\ShotView\sprt 111631.jpg,view,ShotView,-1,2,train
C:\Users\Yannick\data\soccer\ViewClasses\OuterView\sprt 068450.jpg,view,OuterView,-1,1,train
C:\Users\Yannick\data\soccer\ViewClasses\ShotView\sprt 123377.jpg,view,ShotView,-1,2,train
C:\Users\Yannick\data\soccer\ViewClasses\OuterView\sprt 081615.jpg,view,OuterView,-1,1,train
C:\Users\Yannick\data\soccer\ViewClasses\MediumView\sprt 020463.jpg,view,MediumView,-1,0,train
C:\Users\Yannick\data\soccer\ViewClasses\longView\sprt 106797.jpg,view,longView,-1,3,val
C:\Users\Yannick\data\soccer\ViewClasses\OuterView\sprt 081580.jpg,view,OuterView,-1,1,train
C:\Users\Yannick\data\soccer\ViewClasses\longView\sprt 093968.jpg,view,longView,-1,3,train
C:\Users\Yannick\data\soccer\ViewClasses\OuterView\sprt 000940.jpg,view,OuterView,-1,1,train
C:\Users\Yannick\data\soccer\ViewClasses\OuterView\sprt 091023.jpg,view,OuterView,-1,1,train
C:\Users\Yannick\data\soccer\ViewClasses\ShotView\sprt 094154.jpg,view,ShotView,-1,2,val
C:\Users\Yannick\data\soccer\ViewClasses\MediumView\sprt 055258.jpg,view,MediumView,-1,0,train
C:\Users\Yannick\data\soccer\ViewClasses\longView\sprt 130519.jpg,view,longView,-1,3,train
C:\Users\Yannick\data\soccer\ViewClasses\ShotView\sprt 007582.jpg,view,ShotView,-1,2,train
C:\Users\Yannick\data\soccer\ViewClasses\longView\sprt 016551.jpg,view,longView,-1,3,train
C:\Users\Yannick\data\soccer\ViewClasses\OuterView\sprt 091010.jpg,view,OuterView,-1,1,test
C:\Users\Yannick\data\soccer\ViewClasses\ShotView\sprt 061860.jpg,view,ShotView,-1,2,train
C:\Users\Yannick\data\soccer\ViewClasses\ShotView\sprt 111645.jpg,view,ShotView,-1,2,val
C:\Users\Yannick\data\soccer\ViewClasses\longView\sprt 114150.jpg,view,longView,-1,3,train
C:\Users\Yannick\data\soccer\ViewClasses\ShotView\sprt 127010.jpg,view,ShotView,-1,2,train
C:\Users\Yannick\data\soccer\ViewClasses\OuterView\sprt 000635.jpg,view,OuterView,-1,1,val
C:\Users\Yannick\data\soccer\ViewClasses\OuterView\sprt 099733.jpg,view,OuterView,-1,1,train
C:\Users\Yannick\data\soccer\ViewClasses\OuterView\sprt 121486.jpg,view,OuterView,-1,1,train
C:\Users\Yannick\data\soccer\ViewClasses\longView\sprt 021619.jpg,view,longView,-1,3,train
C:\Users\Yannick\data\soccer\ViewClasses\ShotView\sprt 063567.jpg,view,ShotView,-1,2,train
C:\Users\Yannick\data\soccer\ViewClasses\MediumView\sprt 087354.jpg,view,MediumView,-1,0,test
C:\Users\Yannick\data\soccer\ViewClasses\ShotView\sprt 031922.jpg,view,ShotView,-1,2,test
C:\Users\Yannick\data\soccer\ViewClasses\MediumView\sprt 101139.jpg,view,MediumView,-1,0,train
C:\Users\Yannick\data\soccer\ViewClasses\longView\sprt 106392.jpg,view,longView,-1,3,val
C:\Users\Yannick\data\soccer\ViewClasses\longView\sprt 119495.jpg,view,longView,-1,3,train
C:\Users\Yannick\data\soccer\ViewClasses\ShotView\sprt 100861.jpg,view,ShotView,-1,2,test
C:\Users\Yannick\data\soccer\ViewClasses\MediumView\sprt 122074.jpg,view,MediumView,-1,0,train
C:\Users\Yannick\data\soccer\ViewClasses\OuterView\sprt 068003 - Copy.jpg,view,OuterView,-1,1,train
C:\Users\Yannick\data\soccer\ViewClasses\longView\sprt 024191.jpg,view,longView,-1,3,test
C:\Users\Yannick\data\soccer\ViewClasses\MediumView\sprt 101135.jpg,view,MediumView,-1,0,train
C:\Users\Yannick\data\soccer\ViewClasses\OuterView\sprt 068512.jpg,view,OuterView,-1,1,test
C:\Users\Yannick\data\soccer\ViewClasses\OuterView\sprt 070184.jpg,view,OuterView,-1,1,test
C:\Users\Yannick\data\soccer\ViewClasses\longView\sprt 098157.jpg,view,longView,-1,3,val
C:\Users\Yannick\data\soccer\ViewClasses\longView\sprt 129371.jpg,view,longView,-1,3,train
C:\Users\Yannick\data\soccer\ViewClasses\OuterView\sprt 002245.jpg,view,OuterView,-1,1,train
C:\Users\Yannick\data\soccer\ViewClasses\OuterView\sprt 070627.jpg,view,OuterView,-1,1,test
C:\Users\Yannick\data\soccer\ViewClasses\MediumView\sprt 089486.jpg,view,MediumView,-1,0,train
C:\Users\Yannick\data\soccer\ViewClasses\MediumView\sprt 025008.jpg,view,MediumView,-1,0,train
C:\Users\Yannick\data\soccer\ViewClasses\MediumView\sprt 133224.jpg,view,MediumView,-1,0,train
C:\Users\Yannick\data\soccer\ViewClasses\OuterView\sprt 040365.jpg,view,OuterView,-1,1,train
C:\Users\Yannick\data\soccer\ViewClasses\longView\sprt 125332.jpg,view,longView,-1,3,train
C:\Users\Yannick\data\soccer\ViewClasses\longView\sprt 098437.jpg,view,longView,-1,3,train
C:\Users\Yannick\data\soccer\ViewClasses\MediumView\sprt 122677.jpg,view,MediumView,-1,0,train
C:\Users\Yannick\data\soccer\ViewClasses\ShotView\sprt 108047.jpg,view,ShotView,-1,2,train
C:\Users\Yannick\data\soccer\ViewClasses\longView\sprt 131465.jpg,view,longView,-1,3,test
C:\Users\Yannick\data\soccer\ViewClasses\ShotView\sprt 133547.jpg,view,ShotView,-1,2,train
C:\Users\Yannick\data\soccer\ViewClasses\ShotView\sprt 124520.jpg,view,ShotView,-1,2,train
C:\Users\Yannick\data\soccer\ViewClasses\OuterView\sprt 000524.jpg,view,OuterView,-1,1,train
C:\Users\Yannick\data\soccer\ViewClasses\ShotView\sprt 061972.jpg,view,ShotView,-1,2,train
C:\Users\Yannick\data\soccer\ViewClasses\MediumView\sprt 052609.jpg,view,MediumView,-1,0,train
C:\Users\Yannick\data\soccer\ViewClasses\ShotView\sprt 039627.jpg,view,ShotView,-1,2,train
C:\Users\Yannick\data\soccer\ViewClasses\MediumView\sprt 006674.jpg,view,MediumView,-1,0,train
C:\Users\Yannick\data\soccer\ViewClasses\MediumView\sprt 051939.jpg,view,MediumView,-1,0,train
C:\Users\Yannick\data\soccer\ViewClasses\OuterView\sprt 061743.jpg,view,OuterView,-1,1,val
C:\Users\Yannick\data\soccer\ViewClasses\longView\sprt 085848.jpg,view,longView,-1,3,train
C:\Users\Yannick\data\soccer\ViewClasses\OuterView\sprt 000884.jpg,view,OuterView,-1,1,test
C:\Users\Yannick\data\soccer\ViewClasses\ShotView\sprt 041025.jpg,view,ShotView,-1,2,train
C:\Users\Yannick\data\soccer\ViewClasses\MediumView\sprt 096098.jpg,view,MediumView,-1,0,train
C:\Users\Yannick\data\soccer\ViewClasses\OuterView\sprt 107962.jpg,view,OuterView,-1,1,train
C:\Users\Yannick\data\soccer\ViewClasses\longView\sprt 096214.jpg,view,longView,-1,3,val
C:\Users\Yannick\data\soccer\ViewClasses\longView\sprt 029426.jpg,view,longView,-1,3,train
C:\Users\Yannick\data\soccer\ViewClasses\MediumView\sprt 051967.jpg,view,MediumView,-1,0,val
C:\Users\Yannick\data\soccer\ViewClasses\OuterView\sprt 002102 - Copy.jpg,view,OuterView,-1,1,train
C:\Users\Yannick\data\soccer\ViewClasses\longView\sprt 132315.jpg,view,longView,-1,3,test
C:\Users\Yannick\data\soccer\ViewClasses\MediumView\sprt 069808.jpg,view,MediumView,-1,0,train
C:\Users\Yannick\data\soccer\ViewClasses\longView\sprt 126801.jpg,view,longView,-1,3,train
C:\Users\Yannick\data\soccer\ViewClasses\MediumView\sprt 023401.jpg,view,MediumView,-1,0,train
C:\Users\Yannick\data\soccer\ViewClasses\ShotView\sprt 061985.jpg,view,ShotView,-1,2,train
C:\Users\Yannick\data\soccer\ViewClasses\OuterView\sprt 085758.jpg,view,OuterView,-1,1,train
C:\Users\Yannick\data\soccer\ViewClasses\MediumView\sprt 098989.jpg,view,MediumView,-1,0,test
C:\Users\Yannick\data\soccer\ViewClasses\longView\sprt 095919.jpg,view,longView,-1,3,train
C:\Users\Yannick\data\soccer\ViewClasses\longView\sprt 132771.jpg,view,longView,-1,3,train
C:\Users\Yannick\data\soccer\ViewClasses\longView\sprt 092102.jpg,view,longView,-1,3,train
C:\Users\Yannick\data\soccer\ViewClasses\OuterView\sprt 026598.jpg,view,OuterView,-1,1,train
C:\Users\Yannick\data\soccer\ViewClasses\ShotView\sprt 009893.jpg,view,ShotView,-1,2,train
C:\Users\Yannick\data\soccer\ViewClasses\longView\sprt 007215.jpg,view,longView,-1,3,train
C:\Users\Yannick\data\soccer\ViewClasses\MediumView\sprt 113756.jpg,view,MediumView,-1,0,train
C:\Users\Yannick\data\soccer\ViewClasses\ShotView\sprt 136448.jpg,view,ShotView,-1,2,train
C:\Users\Yannick\data\soccer\ViewClasses\longView\sprt 105920.jpg,view,longView,-1,3,train
C:\Users\Yannick\data\soccer\ViewClasses\OuterView\sprt 075999.jpg,view,OuterView,-1,1,train
C:\Users\Yannick\data\soccer\ViewClasses\OuterView\sprt 070703.jpg,view,OuterView,-1,1,val
C:\Users\Yannick\data\soccer\ViewClasses\MediumView\sprt 072423.jpg,view,MediumView,-1,0,train
C:\Users\Yannick\data\soccer\ViewClasses\MediumView\sprt 054803.jpg,view,MediumView,-1,0,train
C:\Users\Yannick\data\soccer\ViewClasses\longView\sprt 120102.jpg,view,longView,-1,3,val
C:\Users\Yannick\data\soccer\ViewClasses\MediumView\sprt 079689.jpg,view,MediumView,-1,0,train
C:\Users\Yannick\data\soccer\ViewClasses\MediumView\sprt 022179.jpg,view,MediumView,-1,0,train
C:\Users\Yannick\data\soccer\ViewClasses\longView\sprt 003976.jpg,view,longView,-1,3,train
C:\Users\Yannick\data\soccer\ViewClasses\ShotView\sprt 080033.jpg,view,ShotView,-1,2,train
C:\Users\Yannick\data\soccer\ViewClasses\longView\sprt 101581.jpg,view,longView,-1,3,train
C:\Users\Yannick\data\soccer\ViewClasses\longView\sprt 018892.jpg,view,longView,-1,3,train
C:\Users\Yannick\data\soccer\ViewClasses\ShotView\sprt 133049.jpg,view,ShotView,-1,2,train
C:\Users\Yannick\data\soccer\ViewClasses\OuterView\sprt 047228.jpg,view,OuterView,-1,1,train
C:\Users\Yannick\data\soccer\ViewClasses\longView\sprt 109092.jpg,view,longView,-1,3,train
C:\Users\Yannick\data\soccer\ViewClasses\OuterView\sprt 068522.jpg,view,OuterView,-1,1,train
C:\Users\Yannick\data\soccer\ViewClasses\OuterView\sprt 016901.jpg,view,OuterView,-1,1,train
C:\Users\Yannick\data\soccer\ViewClasses\longView\sprt 015336.jpg,view,longView,-1,3,test
C:\Users\Yannick\data\soccer\ViewClasses\MediumView\sprt 113663.jpg,view,MediumView,-1,0,train
C:\Users\Yannick\data\soccer\ViewClasses\MediumView\sprt 068316.jpg,view,MediumView,-1,0,train
C:\Users\Yannick\data\soccer\ViewClasses\MediumView\sprt 067848.jpg,view,MediumView,-1,0,train
C:\Users\Yannick\data\soccer\ViewClasses\ShotView\sprt 113350.jpg,view,ShotView,-1,2,train
C:\Users\Yannick\data\soccer\ViewClasses\longView\sprt 107718.jpg,view,longView,-1,3,train
C:\Users\Yannick\data\soccer\ViewClasses\ShotView\sprt 036270.jpg,view,ShotView,-1,2,train
C:\Users\Yannick\data\soccer\ViewClasses\ShotView\sprt 062926.jpg,view,ShotView,-1,2,train
C:\Users\Yannick\data\soccer\ViewClasses\OuterView\sprt 001077.jpg,view,OuterView,-1,1,train
C:\Users\Yannick\data\soccer\ViewClasses\ShotView\sprt 105126.jpg,view,ShotView,-1,2,test
C:\Users\Yannick\data\soccer\ViewClasses\OuterView\sprt 000184.jpg,view,OuterView,-1,1,train
C:\Users\Yannick\data\soccer\ViewClasses\ShotView\sprt 086064.jpg,view,ShotView,-1,2,train
C:\Users\Yannick\data\soccer\ViewClasses\longView\sprt 013998.jpg,view,longView,-1,3,val
C:\Users\Yannick\data\soccer\ViewClasses\MediumView\sprt 094223.jpg,view,MediumView,-1,0,train
C:\Users\Yannick\data\soccer\ViewClasses\ShotView\sprt 061920.jpg,view,ShotView,-1,2,train
C:\Users\Yannick\data\soccer\ViewClasses\MediumView\sprt 052598.jpg,view,MediumView,-1,0,train
C:\Users\Yannick\data\soccer\ViewClasses\ShotView\sprt 013200.jpg,view,ShotView,-1,2,train
C:\Users\Yannick\data\soccer\ViewClasses\MediumView\sprt 022396.jpg,view,MediumView,-1,0,train
C:\Users\Yannick\data\soccer\ViewClasses\MediumView\sprt 130758.jpg,view,MediumView,-1,0,test
C:\Users\Yannick\data\soccer\ViewClasses\MediumView\sprt 132155.jpg,view,MediumView,-1,0,train
C:\Users\Yannick\data\soccer\ViewClasses\MediumView\sprt 034706.jpg,view,MediumView,-1,0,train
C:\Users\Yannick\data\soccer\ViewClasses\OuterView\sprt 002233.jpg,view,OuterView,-1,1,train
C:\Users\Yannick\data\soccer\ViewClasses\ShotView\sprt 062064.jpg,view,ShotView,-1,2,val
C:\Users\Yannick\data\soccer\ViewClasses\longView\sprt 020069.jpg,view,longView,-1,3,train
C:\Users\Yannick\data\soccer\ViewClasses\longView\sprt 099349.jpg,view,longView,-1,3,train
C:\Users\Yannick\data\soccer\ViewClasses\ShotView\sprt 036238.jpg,view,ShotView,-1,2,train
C:\Users\Yannick\data\soccer\ViewClasses\longView\sprt 097593.jpg,view,longView,-1,3,train
C:\Users\Yannick\data\soccer\ViewClasses\OuterView\sprt 121351.jpg,view,OuterView,-1,1,train
C:\Users\Yannick\data\soccer\ViewClasses\OuterView\sprt 045396.jpg,view,OuterView,-1,1,val
C:\Users\Yannick\data\soccer\ViewClasses\ShotView\sprt 053531.jpg,view,ShotView,-1,2,train
C:\Users\Yannick\data\soccer\ViewClasses\longView\sprt 120274.jpg,view,longView,-1,3,train
C:\Users\Yannick\data\soccer\ViewClasses\ShotView\sprt 128235.jpg,view,ShotView,-1,2,train
C:\Users\Yannick\data\soccer\ViewClasses\longView\sprt 093353.jpg,view,longView,-1,3,test
C:\Users\Yannick\data\soccer\ViewClasses\MediumView\sprt 017183.jpg,view,MediumView,-1,0,test
C:\Users\Yannick\data\soccer\ViewClasses\MediumView\sprt 071799.jpg,view,MediumView,-1,0,train
C:\Users\Yannick\data\soccer\ViewClasses\ShotView\sprt 100643.jpg,view,ShotView,-1,2,test
C:\Users\Yannick\data\soccer\ViewClasses\OuterView\sprt 030663.jpg,view,OuterView,-1,1,train
C:\Users\Yannick\data\soccer\ViewClasses\longView\sprt 016659.jpg,view,longView,-1,3,val
C:\Users\Yannick\data\soccer\ViewClasses\OuterView\sprt 020280.jpg,view,OuterView,-1,1,train
C:\Users\Yannick\data\soccer\ViewClasses\longView\sprt 028641.jpg,view,longView,-1,3,train
C:\Users\Yannick\data\soccer\ViewClasses\longView\sprt 015919.jpg,view,longView,-1,3,test
C:\Users\Yannick\data\soccer\ViewClasses\OuterView\sprt 000514.jpg,view,OuterView,-1,1,test
C:\Users\Yannick\data\soccer\ViewClasses\OuterView\sprt 001940.jpg,view,OuterView,-1,1,train
C:\Users\Yannick\data\soccer\ViewClasses\ShotView\sprt 100538.jpg,view,ShotView,-1,2,train
C:\Users\Yannick\data\soccer\ViewClasses\ShotView\sprt 069054.jpg,view,ShotView,-1,2,train
C:\Users\Yannick\data\soccer\ViewClasses\longView\sprt 094959.jpg,view,longView,-1,3,train
C:\Users\Yannick\data\soccer\ViewClasses\ShotView\sprt 039505.jpg,view,ShotView,-1,2,train
C:\Users\Yannick\data\soccer\ViewClasses\MediumView\sprt 067588.jpg,view,MediumView,-1,0,val
C:\Users\Yannick\data\soccer\ViewClasses\OuterView\sprt 000552.jpg,view,OuterView,-1,1,train
C:\Users\Yannick\data\soccer\ViewClasses\OuterView\sprt 053715.jpg,view,OuterView,-1,1,train
C:\Users\Yannick\data\soccer\ViewClasses\MediumView\sprt 040018.jpg,view,MediumView,-1,0,train
C:\Users\Yannick\data\soccer\ViewClasses\longView\sprt 005719.jpg,view,longView,-1,3,test
C:\Users\Yannick\data\soccer\ViewClasses\MediumView\sprt 045091.jpg,view,MediumView,-1,0,test
C:\Users\Yannick\data\soccer\ViewClasses\MediumView\sprt 099110.jpg,view,MediumView,-1,0,train
C:\Users\Yannick\data\soccer\ViewClasses\longView\sprt 096999.jpg,view,longView,-1,3,train
C:\Users\Yannick\data\soccer\ViewClasses\MediumView\sprt 041611.jpg,view,MediumView,-1,0,train
C:\Users\Yannick\data\soccer\ViewClasses\longView\sprt 091777.jpg,view,longView,-1,3,train
C:\Users\Yannick\data\soccer\ViewClasses\ShotView\sprt 039584.jpg,view,ShotView,-1,2,train
C:\Users\Yannick\data\soccer\ViewClasses\longView\sprt 098230.jpg,view,longView,-1,3,test
C:\Users\Yannick\data\soccer\ViewClasses\ShotView\sprt 008061.jpg,view,ShotView,-1,2,train
C:\Users\Yannick\data\soccer\ViewClasses\OuterView\sprt 085733.jpg,view,OuterView,-1,1,train
C:\Users\Yannick\data\soccer\ViewClasses\MediumView\sprt 070044.jpg,view,MediumView,-1,0,test
C:\Users\Yannick\data\soccer\ViewClasses\ShotView\sprt 021856.jpg,view,ShotView,-1,2,train
C:\Users\Yannick\data\soccer\ViewClasses\MediumView\sprt 085008.jpg,view,MediumView,-1,0,train
C:\Users\Yannick\data\soccer\ViewClasses\longView\sprt 095333.jpg,view,longView,-1,3,train
C:\Users\Yannick\data\soccer\ViewClasses\MediumView\sprt 046170.jpg,view,MediumView,-1,0,val
C:\Users\Yannick\data\soccer\ViewClasses\MediumView\sprt 059913.jpg,view,MediumView,-1,0,train
C:\Users\Yannick\data\soccer\ViewClasses\ShotView\sprt 087508.jpg,view,ShotView,-1,2,train
C:\Users\Yannick\data\soccer\ViewClasses\longView\sprt 013636.jpg,view,longView,-1,3,train
C:\Users\Yannick\data\soccer\ViewClasses\ShotView\sprt 130126.jpg,view,ShotView,-1,2,train
C:\Users\Yannick\data\soccer\ViewClasses\longView\sprt 008769.jpg,view,longView,-1,3,train
C:\Users\Yannick\data\soccer\ViewClasses\longView\sprt 086682.jpg,view,longView,-1,3,train
C:\Users\Yannick\data\soccer\ViewClasses\MediumView\sprt 055261.jpg,view,MediumView,-1,0,val
C:\Users\Yannick\data\soccer\ViewClasses\MediumView\sprt 055199.jpg,view,MediumView,-1,0,test
C:\Users\Yannick\data\soccer\ViewClasses\MediumView\sprt 041267.jpg,view,MediumView,-1,0,val
C:\Users\Yannick\data\soccer\ViewClasses\longView\sprt 022023.jpg,view,longView,-1,3,val
C:\Users\Yannick\data\soccer\ViewClasses\ShotView\sprt 052361.jpg,view,ShotView,-1,2,val
C:\Users\Yannick\data\soccer\ViewClasses\longView\sprt 008670.jpg,view,longView,-1,3,test
C:\Users\Yannick\data\soccer\ViewClasses\longView\sprt 009118.jpg,view,longView,-1,3,train
C:\Users\Yannick\data\soccer\ViewClasses\ShotView\sprt 072707.jpg,view,ShotView,-1,2,train
C:\Users\Yannick\data\soccer\ViewClasses\MediumView\sprt 054729.jpg,view,MediumView,-1,0,train
C:\Users\Yannick\data\soccer\ViewClasses\longView\sprt 098449.jpg,view,longView,-1,3,train
C:\Users\Yannick\data\soccer\ViewClasses\ShotView\sprt 089238.jpg,view,ShotView,-1,2,test
C:\Users\Yannick\data\soccer\ViewClasses\MediumView\sprt 135879.jpg,view,MediumView,-1,0,train
C:\Users\Yannick\data\soccer\ViewClasses\ShotView\sprt 025175.jpg,view,ShotView,-1,2,test
C:\Users\Yannick\data\soccer\ViewClasses\MediumView\sprt 134848.jpg,view,MediumView,-1,0,train
C:\Users\Yannick\data\soccer\ViewClasses\OuterView\sprt 113470.jpg,view,OuterView,-1,1,train
C:\Users\Yannick\data\soccer\ViewClasses\ShotView\sprt 063079.jpg,view,ShotView,-1,2,val
C:\Users\Yannick\data\soccer\ViewClasses\longView\sprt 138325.jpg,view,longView,-1,3,test
C:\Users\Yannick\data\soccer\ViewClasses\longView\sprt 005538.jpg,view,longView,-1,3,train
C:\Users\Yannick\data\soccer\ViewClasses\longView\sprt 127901.jpg,view,longView,-1,3,train
C:\Users\Yannick\data\soccer\ViewClasses\longView\sprt 004388.jpg,view,longView,-1,3,test
C:\Users\Yannick\data\soccer\ViewClasses\ShotView\sprt 126261.jpg,view,ShotView,-1,2,train
C:\Users\Yannick\data\soccer\ViewClasses\longView\sprt 025580.jpg,view,longView,-1,3,train
C:\Users\Yannick\data\soccer\ViewClasses\MediumView\sprt 051912.jpg,view,MediumView,-1,0,train
C:\Users\Yannick\data\soccer\ViewClasses\OuterView\sprt 001333 - Copy (2).jpg,view,OuterView,-1,1,val
C:\Users\Yannick\data\soccer\ViewClasses\OuterView\sprt 091341.jpg,view,OuterView,-1,1,train
C:\Users\Yannick\data\soccer\ViewClasses\OuterView\sprt 040410 - Copy.jpg,view,OuterView,-1,1,test
C:\Users\Yannick\data\soccer\ViewClasses\MediumView\sprt 054393.jpg,view,MediumView,-1,0,test
C:\Users\Yannick\data\soccer\ViewClasses\OuterView\sprt 070709.jpg,view,OuterView,-1,1,train
C:\Users\Yannick\data\soccer\ViewClasses\MediumView\sprt 024852.jpg,view,MediumView,-1,0,train
C:\Users\Yannick\data\soccer\ViewClasses\ShotView\sprt 038195.jpg,view,ShotView,-1,2,train
C:\Users\Yannick\data\soccer\ViewClasses\longView\sprt 105646.jpg,view,longView,-1,3,test
C:\Users\Yannick\data\soccer\ViewClasses\ShotView\sprt 020169.jpg,view,ShotView,-1,2,train
C:\Users\Yannick\data\soccer\ViewClasses\ShotView\sprt 022524.jpg,view,ShotView,-1,2,train
C:\Users\Yannick\data\soccer\ViewClasses\MediumView\sprt 049111.jpg,view,MediumView,-1,0,train
C:\Users\Yannick\data\soccer\ViewClasses\MediumView\sprt 054493.jpg,view,MediumView,-1,0,train
C:\Users\Yannick\data\soccer\ViewClasses\OuterView\sprt 091355.jpg,view,OuterView,-1,1,train
C:\Users\Yannick\data\soccer\ViewClasses\ShotView\sprt 084977.jpg,view,ShotView,-1,2,train
C:\Users\Yannick\data\soccer\ViewClasses\OuterView\sprt 026050.jpg,view,OuterView,-1,1,train
C:\Users\Yannick\data\soccer\ViewClasses\ShotView\sprt 095760.jpg,view,ShotView,-1,2,train
C:\Users\Yannick\data\soccer\ViewClasses\MediumView\sprt 054683.jpg,view,MediumView,-1,0,test
C:\Users\Yannick\data\soccer\ViewClasses\longView\sprt 096849.jpg,view,longView,-1,3,val
C:\Users\Yannick\data\soccer\ViewClasses\ShotView\sprt 044035.jpg,view,ShotView,-1,2,train
C:\Users\Yannick\data\soccer\ViewClasses\ShotView\sprt 130188.jpg,view,ShotView,-1,2,train
C:\Users\Yannick\data\soccer\ViewClasses\MediumView\sprt 054416.jpg,view,MediumView,-1,0,test
C:\Users\Yannick\data\soccer\ViewClasses\OuterView\sprt 068440 - Copy.jpg,view,OuterView,-1,1,train
C:\Users\Yannick\data\soccer\ViewClasses\MediumView\sprt 111915.jpg,view,MediumView,-1,0,test
C:\Users\Yannick\data\soccer\ViewClasses\OuterView\sprt 053893.jpg,view,OuterView,-1,1,train
C:\Users\Yannick\data\soccer\ViewClasses\OuterView\sprt 081603.jpg,view,OuterView,-1,1,train
C:\Users\Yannick\data\soccer\ViewClasses\MediumView\sprt 059782.jpg,view,MediumView,-1,0,train
C:\Users\Yannick\data\soccer\ViewClasses\MediumView\sprt 117219.jpg,view,MediumView,-1,0,train
C:\Users\Yannick\data\soccer\ViewClasses\ShotView\sprt 114494.jpg,view,ShotView,-1,2,train
C:\Users\Yannick\data\soccer\ViewClasses\MediumView\sprt 027277.jpg,view,MediumView,-1,0,train
C:\Users\Yannick\data\soccer\ViewClasses\longView\sprt 004321.jpg,view,longView,-1,3,test
C:\Users\Yannick\data\soccer\ViewClasses\OuterView\sprt 026591 - Copy.jpg,view,OuterView,-1,1,train
C:\Users\Yannick\data\soccer\ViewClasses\ShotView\sprt 131801.jpg,view,ShotView,-1,2,val
C:\Users\Yannick\data\soccer\ViewClasses\longView\sprt 108501.jpg,view,longView,-1,3,train
C:\Users\Yannick\data\soccer\ViewClasses\longView\sprt 088090.jpg,view,longView,-1,3,train
C:\Users\Yannick\data\soccer\ViewClasses\ShotView\sprt 014719.jpg,view,ShotView,-1,2,val
C:\Users\Yannick\data\soccer\ViewClasses\OuterView\sprt 001989.jpg,view,OuterView,-1,1,train
C:\Users\Yannick\data\soccer\ViewClasses\OuterView\sprt 107993.jpg,view,OuterView,-1,1,val
C:\Users\Yannick\data\soccer\ViewClasses\OuterView\sprt 053951.jpg,view,OuterView,-1,1,train
C:\Users\Yannick\data\soccer\ViewClasses\ShotView\sprt 073798.jpg,view,ShotView,-1,2,train
C:\Users\Yannick\data\soccer\ViewClasses\MediumView\sprt 012492.jpg,view,MediumView,-1,0,train
C:\Users\Yannick\data\soccer\ViewClasses\OuterView\sprt 085678.jpg,view,OuterView,-1,1,train
C:\Users\Yannick\data\soccer\ViewClasses\longView\sprt 105693.jpg,view,longView,-1,3,train
C:\Users\Yannick\data\soccer\ViewClasses\OuterView\sprt 113456.jpg,view,OuterView,-1,1,train
C:\Users\Yannick\data\soccer\ViewClasses\OuterView\sprt 085776.jpg,view,OuterView,-1,1,train
C:\Users\Yannick\data\soccer\ViewClasses\longView\sprt 127754.jpg,view,longView,-1,3,train
C:\Users\Yannick\data\soccer\ViewClasses\MediumView\sprt 054743.jpg,view,MediumView,-1,0,train
C:\Users\Yannick\data\soccer\ViewClasses\MediumView\sprt 112960.jpg,view,MediumView,-1,0,train
C:\Users\Yannick\data\soccer\ViewClasses\OuterView\sprt 075937.jpg,view,OuterView,-1,1,train
C:\Users\Yannick\data\soccer\ViewClasses\ShotView\sprt 040769.jpg,view,ShotView,-1,2,test
C:\Users\Yannick\data\soccer\ViewClasses\ShotView\sprt 131704.jpg,view,ShotView,-1,2,train
C:\Users\Yannick\data\soccer\ViewClasses\longView\sprt 011229.jpg,view,longView,-1,3,train
C:\Users\Yannick\data\soccer\ViewClasses\ShotView\sprt 088351.jpg,view,ShotView,-1,2,train
C:\Users\Yannick\data\soccer\ViewClasses\MediumView\sprt 135342.jpg,view,MediumView,-1,0,train
C:\Users\Yannick\data\soccer\ViewClasses\ShotView\sprt 136554.jpg,view,ShotView,-1,2,train
C:\Users\Yannick\data\soccer\ViewClasses\longView\sprt 100312.jpg,view,longView,-1,3,train
C:\Users\Yannick\data\soccer\ViewClasses\longView\sprt 104102.jpg,view,longView,-1,3,train
C:\Users\Yannick\data\soccer\ViewClasses\ShotView\sprt 132834.jpg,view,ShotView,-1,2,train
C:\Users\Yannick\data\soccer\ViewClasses\OuterView\sprt 090244.jpg,view,OuterView,-1,1,train
C:\Users\Yannick\data\soccer\ViewClasses\ShotView\sprt 075374.jpg,view,ShotView,-1,2,val
C:\Users\Yannick\data\soccer\ViewClasses\longView\sprt 115028.jpg,view,longView,-1,3,train
C:\Users\Yannick\data\soccer\ViewClasses\ShotView\sprt 053807.jpg,view,ShotView,-1,2,train
C:\Users\Yannick\data\soccer\ViewClasses\MediumView\sprt 099981.jpg,view,MediumView,-1,0,val
C:\Users\Yannick\data\soccer\ViewClasses\MediumView\sprt 101007.jpg,view,MediumView,-1,0,train
C:\Users\Yannick\data\soccer\ViewClasses\ShotView\sprt 039494.jpg,view,ShotView,-1,2,val
C:\Users\Yannick\data\soccer\ViewClasses\MediumView\sprt 006658.jpg,view,MediumView,-1,0,train
C:\Users\Yannick\data\soccer\ViewClasses\ShotView\sprt 098922.jpg,view,ShotView,-1,2,train
C:\Users\Yannick\data\soccer\ViewClasses\longView\sprt 025484.jpg,view,longView,-1,3,train
C:\Users\Yannick\data\soccer\ViewClasses\OuterView\sprt 004568.jpg,view,OuterView,-1,1,train
C:\Users\Yannick\data\soccer\ViewClasses\ShotView\sprt 048896.jpg,view,ShotView,-1,2,test
C:\Users\Yannick\data\soccer\ViewClasses\MediumView\sprt 135445.jpg,view,MediumView,-1,0,train
C:\Users\Yannick\data\soccer\ViewClasses\ShotView\sprt 131875.jpg,view,ShotView,-1,2,train
C:\Users\Yannick\data\soccer\ViewClasses\longView\sprt 107257.jpg,view,longView,-1,3,train
C:\Users\Yannick\data\soccer\ViewClasses\OuterView\sprt 083174.jpg,view,OuterView,-1,1,test
C:\Users\Yannick\data\soccer\ViewClasses\longView\sprt 029374.jpg,view,longView,-1,3,train
C:\Users\Yannick\data\soccer\ViewClasses\OuterView\sprt 002929.jpg,view,OuterView,-1,1,train
C:\Users\Yannick\data\soccer\ViewClasses\longView\sprt 005974.jpg,view,longView,-1,3,train
C:\Users\Yannick\data\soccer\ViewClasses\OuterView\sprt 121398.jpg,view,OuterView,-1,1,train
C:\Users\Yannick\data\soccer\ViewClasses\longView\sprt 120670.jpg,view,longView,-1,3,val
C:\Users\Yannick\data\soccer\ViewClasses\longView\sprt 095156.jpg,view,longView,-1,3,test
C:\Users\Yannick\data\soccer\ViewClasses\OuterView\sprt 127125.jpg,view,OuterView,-1,1,val
C:\Users\Yannick\data\soccer\ViewClasses\OuterView\sprt 107978.jpg,view,OuterView,-1,1,val
C:\Users\Yannick\data\soccer\ViewClasses\ShotView\sprt 030445.jpg,view,ShotView,-1,2,train
C:\Users\Yannick\data\soccer\ViewClasses\ShotView\sprt 095660.jpg,view,ShotView,-1,2,test
C:\Users\Yannick\data\soccer\ViewClasses\longView\sprt 010045.jpg,view,longView,-1,3,train
C:\Users\Yannick\data\soccer\ViewClasses\OuterView\sprt 059461.jpg,view,OuterView,-1,1,test
C:\Users\Yannick\data\soccer\ViewClasses\longView\sprt 022932.jpg,view,longView,-1,3,train
C:\Users\Yannick\data\soccer\ViewClasses\OuterView\sprt 061729.jpg,view,OuterView,-1,1,test
C:\Users\Yannick\data\soccer\ViewClasses\ShotView\sprt 087519.jpg,view,ShotView,-1,2,train
C:\Users\Yannick\data\soccer\ViewClasses\longView\sprt 121006.jpg,view,longView,-1,3,train
C:\Users\Yannick\data\soccer\ViewClasses\MediumView\sprt 094255.jpg,view,MediumView,-1,0,train
C:\Users\Yannick\data\soccer\ViewClasses\ShotView\sprt 114433.jpg,view,ShotView,-1,2,train
C:\Users\Yannick\data\soccer\ViewClasses\MediumView\sprt 012953.jpg,view,MediumView,-1,0,train
C:\Users\Yannick\data\soccer\ViewClasses\ShotView\sprt 113274.jpg,view,ShotView,-1,2,train
C:\Users\Yannick\data\soccer\ViewClasses\OuterView\sprt 001304.jpg,view,OuterView,-1,1,train
C:\Users\Yannick\data\soccer\ViewClasses\MediumView\sprt 094259.jpg,view,MediumView,-1,0,test
C:\Users\Yannick\data\soccer\ViewClasses\ShotView\sprt 114767.jpg,view,ShotView,-1,2,train
C:\Users\Yannick\data\soccer\ViewClasses\MediumView\sprt 094435.jpg,view,MediumView,-1,0,test
C:\Users\Yannick\data\soccer\ViewClasses\OuterView\sprt 001227.jpg,view,OuterView,-1,1,train
C:\Users\Yannick\data\soccer\ViewClasses\longView\sprt 091620.jpg,view,longView,-1,3,train
C:\Users\Yannick\data\soccer\ViewClasses\longView\sprt 109232.jpg,view,longView,-1,3,train
C:\Users\Yannick\data\soccer\ViewClasses\ShotView\sprt 048910.jpg,view,ShotView,-1,2,val
C:\Users\Yannick\data\soccer\ViewClasses\OuterView\sprt 001991.jpg,view,OuterView,-1,1,val
C:\Users\Yannick\data\soccer\ViewClasses\ShotView\sprt 081136.jpg,view,ShotView,-1,2,train
C:\Users\Yannick\data\soccer\ViewClasses\MediumView\sprt 017064.jpg,view,MediumView,-1,0,train
C:\Users\Yannick\data\soccer\ViewClasses\OuterView\sprt 030584.jpg,view,OuterView,-1,1,train
C:\Users\Yannick\data\soccer\ViewClasses\longView\sprt 109575.jpg,view,longView,-1,3,train
C:\Users\Yannick\data\soccer\ViewClasses\ShotView\sprt 048791.jpg,view,ShotView,-1,2,train
C:\Users\Yannick\data\soccer\ViewClasses\ShotView\sprt 118920.jpg,view,ShotView,-1,2,train
C:\Users\Yannick\data\soccer\ViewClasses\MediumView\sprt 118818.jpg,view,MediumView,-1,0,train
C:\Users\Yannick\data\soccer\ViewClasses\OuterView\sprt 071940.jpg,view,OuterView,-1,1,train
C:\Users\Yannick\data\soccer\ViewClasses\ShotView\sprt 080030.jpg,view,ShotView,-1,2,train
C:\Users\Yannick\data\soccer\ViewClasses\MediumView\sprt 117284.jpg,view,MediumView,-1,0,train
C:\Users\Yannick\data\soccer\ViewClasses\OuterView\sprt 020269.jpg,view,OuterView,-1,1,train
C:\Users\Yannick\data\soccer\ViewClasses\MediumView\sprt 007353.jpg,view,MediumView,-1,0,val
C:\Users\Yannick\data\soccer\ViewClasses\longView\sprt 138309.jpg,view,longView,-1,3,val
C:\Users\Yannick\data\soccer\ViewClasses\ShotView\sprt 007647.jpg,view,ShotView,-1,2,train
C:\Users\Yannick\data\soccer\ViewClasses\ShotView\sprt 118977.jpg,view,ShotView,-1,2,train
C:\Users\Yannick\data\soccer\ViewClasses\ShotView\sprt 043484.jpg,view,ShotView,-1,2,train
C:\Users\Yannick\data\soccer\ViewClasses\MediumView\sprt 099101.jpg,view,MediumView,-1,0,train
C:\Users\Yannick\data\soccer\ViewClasses\ShotView\sprt 132806.jpg,view,ShotView,-1,2,train
C:\Users\Yannick\data\soccer\ViewClasses\ShotView\sprt 034591.jpg,view,ShotView,-1,2,train
C:\Users\Yannick\data\soccer\ViewClasses\ShotView\sprt 040804.jpg,view,ShotView,-1,2,train
C:\Users\Yannick\data\soccer\ViewClasses\ShotView\sprt 087076.jpg,view,ShotView,-1,2,test
C:\Users\Yannick\data\soccer\ViewClasses\longView\sprt 087278.jpg,view,longView,-1,3,train
C:\Users\Yannick\data\soccer\ViewClasses\ShotView\sprt 002786.jpg,view,ShotView,-1,2,val
C:\Users\Yannick\data\soccer\ViewClasses\ShotView\sprt 039172.jpg,view,ShotView,-1,2,train
C:\Users\Yannick\data\soccer\ViewClasses\MediumView\sprt 079233.jpg,view,MediumView,-1,0,train
C:\Users\Yannick\data\soccer\ViewClasses\ShotView\sprt 086169.jpg,view,ShotView,-1,2,test
C:\Users\Yannick\data\soccer\ViewClasses\longView\sprt 119367.jpg,view,longView,-1,3,train
C:\Users\Yannick\data\soccer\ViewClasses\ShotView\sprt 133568.jpg,view,ShotView,-1,2,train
C:\Users\Yannick\data\soccer\ViewClasses\longView\sprt 130071.jpg,view,longView,-1,3,train
C:\Users\Yannick\data\soccer\ViewClasses\MediumView\sprt 113680.jpg,view,MediumView,-1,0,train
C:\Users\Yannick\data\soccer\ViewClasses\ShotView\sprt 105033.jpg,view,ShotView,-1,2,train
C:\Users\Yannick\data\soccer\ViewClasses\OuterView\sprt 059449.jpg,view,OuterView,-1,1,train
C:\Users\Yannick\data\soccer\ViewClasses\MediumView\sprt 111891.jpg,view,MediumView,-1,0,train
C:\Users\Yannick\data\soccer\ViewClasses\MediumView\sprt 039889.jpg,view,MediumView,-1,0,val
C:\Users\Yannick\data\soccer\ViewClasses\OuterView\sprt 000355.jpg,view,OuterView,-1,1,train
C:\Users\Yannick\data\soccer\ViewClasses\OuterView\sprt 061490.jpg,view,OuterView,-1,1,train
C:\Users\Yannick\data\soccer\ViewClasses\ShotView\sprt 131803.jpg,view,ShotView,-1,2,train
C:\Users\Yannick\data\soccer\ViewClasses\longView\sprt 029550.jpg,view,longView,-1,3,val
C:\Users\Yannick\data\soccer\ViewClasses\OuterView\sprt 070729.jpg,view,OuterView,-1,1,train
C:\Users\Yannick\data\soccer\ViewClasses\ShotView\sprt 045452.jpg,view,ShotView,-1,2,train
C:\Users\Yannick\data\soccer\ViewClasses\OuterView\sprt 001216.jpg,view,OuterView,-1,1,val
C:\Users\Yannick\data\soccer\ViewClasses\longView\sprt 112842.jpg,view,longView,-1,3,train
C:\Users\Yannick\data\soccer\ViewClasses\ShotView\sprt 089110.jpg,view,ShotView,-1,2,val
C:\Users\Yannick\data\soccer\ViewClasses\MediumView\sprt 113733.jpg,view,MediumView,-1,0,val
C:\Users\Yannick\data\soccer\ViewClasses\ShotView\sprt 002724.jpg,view,ShotView,-1,2,val
C:\Users\Yannick\data\soccer\ViewClasses\MediumView\sprt 017120.jpg,view,MediumView,-1,0,train
C:\Users\Yannick\data\soccer\ViewClasses\OuterView\sprt 091132.jpg,view,OuterView,-1,1,val
C:\Users\Yannick\data\soccer\ViewClasses\OuterView\sprt 070711.jpg,view,OuterView,-1,1,train
C:\Users\Yannick\data\soccer\ViewClasses\OuterView\sprt 090263.jpg,view,OuterView,-1,1,train
C:\Users\Yannick\data\soccer\ViewClasses\MediumView\sprt 034970.jpg,view,MediumView,-1,0,test
C:\Users\Yannick\data\soccer\ViewClasses\MediumView\sprt 026243.jpg,view,MediumView,-1,0,val
C:\Users\Yannick\data\soccer\ViewClasses\MediumView\sprt 055162.jpg,view,MediumView,-1,0,train
C:\Users\Yannick\data\soccer\ViewClasses\MediumView\sprt 034883.jpg,view,MediumView,-1,0,train
C:\Users\Yannick\data\soccer\ViewClasses\ShotView\sprt 061999.jpg,view,ShotView,-1,2,train
C:\Users\Yannick\data\soccer\ViewClasses\longView\sprt 123429.jpg,view,longView,-1,3,test
C:\Users\Yannick\data\soccer\ViewClasses\ShotView\sprt 100728.jpg,view,ShotView,-1,2,val
C:\Users\Yannick\data\soccer\ViewClasses\MediumView\sprt 110408.jpg,view,MediumView,-1,0,train
C:\Users\Yannick\data\soccer\ViewClasses\OuterView\sprt 011405.jpg,view,OuterView,-1,1,train
C:\Users\Yannick\data\soccer\ViewClasses\MediumView\sprt 099060.jpg,view,MediumView,-1,0,val
C:\Users\Yannick\data\soccer\ViewClasses\OuterView\sprt 002412.jpg,view,OuterView,-1,1,train
C:\Users\Yannick\data\soccer\ViewClasses\OuterView\sprt 113574.jpg,view,OuterView,-1,1,train
C:\Users\Yannick\data\soccer\ViewClasses\MediumView\sprt 023364.jpg,view,MediumView,-1,0,val
C:\Users\Yannick\data\soccer\ViewClasses\longView\sprt 019129.jpg,view,longView,-1,3,val
C:\Users\Yannick\data\soccer\ViewClasses\longView\sprt 093300.jpg,view,longView,-1,3,train
C:\Users\Yannick\data\soccer\ViewClasses\ShotView\sprt 115591.jpg,view,ShotView,-1,2,train
C:\Users\Yannick\data\soccer\ViewClasses\longView\sprt 119387.jpg,view,longView,-1,3,train
C:\Users\Yannick\data\soccer\ViewClasses\ShotView\sprt 131640.jpg,view,ShotView,-1,2,train
C:\Users\Yannick\data\soccer\ViewClasses\ShotView\sprt 061228.jpg,view,ShotView,-1,2,train
C:\Users\Yannick\data\soccer\ViewClasses\MediumView\sprt 010317.jpg,view,MediumView,-1,0,train
C:\Users\Yannick\data\soccer\ViewClasses\OuterView\sprt 000926.jpg,view,OuterView,-1,1,test
C:\Users\Yannick\data\soccer\ViewClasses\MediumView\sprt 111823.jpg,view,MediumView,-1,0,train
C:\Users\Yannick\data\soccer\ViewClasses\MediumView\sprt 098024.jpg,view,MediumView,-1,0,test
C:\Users\Yannick\data\soccer\ViewClasses\MediumView\sprt 051976.jpg,view,MediumView,-1,0,val
C:\Users\Yannick\data\soccer\ViewClasses\OuterView\sprt 090494.jpg,view,OuterView,-1,1,train
C:\Users\Yannick\data\soccer\ViewClasses\ShotView\sprt 098885.jpg,view,ShotView,-1,2,train
C:\Users\Yannick\data\soccer\ViewClasses\longView\sprt 131273.jpg,view,longView,-1,3,test
C:\Users\Yannick\data\soccer\ViewClasses\MediumView\sprt 122079.jpg,view,MediumView,-1,0,train
C:\Users\Yannick\data\soccer\ViewClasses\longView\sprt 021192.jpg,view,longView,-1,3,train
C:\Users\Yannick\data\soccer\ViewClasses\OuterView\sprt 005184.jpg,view,OuterView,-1,1,train
C:\Users\Yannick\data\soccer\ViewClasses\longView\sprt 026729.jpg,view,longView,-1,3,train
C:\Users\Yannick\data\soccer\ViewClasses\longView\sprt 011869.jpg,view,longView,-1,3,test
C:\Users\Yannick\data\soccer\ViewClasses\ShotView\sprt 113258.jpg,view,ShotView,-1,2,val
C:\Users\Yannick\data\soccer\ViewClasses\longView\sprt 021290.jpg,view,longView,-1,3,train
C:\Users\Yannick\data\soccer\ViewClasses\OuterView\sprt 075966.jpg,view,OuterView,-1,1,train
C:\Users\Yannick\data\soccer\ViewClasses\longView\sprt 094526.jpg,view,longView,-1,3,train
C:\Users\Yannick\data\soccer\ViewClasses\OuterView\sprt 121348.jpg,view,OuterView,-1,1,train
C:\Users\Yannick\data\soccer\ViewClasses\ShotView\sprt 055487.jpg,view,ShotView,-1,2,train
C:\Users\Yannick\data\soccer\ViewClasses\longView\sprt 028885.jpg,view,longView,-1,3,train
C:\Users\Yannick\data\soccer\ViewClasses\longView\sprt 007760.jpg,view,longView,-1,3,val
C:\Users\Yannick\data\soccer\ViewClasses\ShotView\sprt 024787.jpg,view,ShotView,-1,2,train
C:\Users\Yannick\data\soccer\ViewClasses\longView\sprt 100179.jpg,view,longView,-1,3,train
C:\Users\Yannick\data\soccer\ViewClasses\MediumView\sprt 070000.jpg,view,MediumView,-1,0,test
C:\Users\Yannick\data\soccer\ViewClasses\ShotView\sprt 111726.jpg,view,ShotView,-1,2,train
C:\Users\Yannick\data\soccer\ViewClasses\ShotView\sprt 034604.jpg,view,ShotView,-1,2,val
C:\Users\Yannick\data\soccer\ViewClasses\ShotView\sprt 087127.jpg,view,ShotView,-1,2,train
C:\Users\Yannick\data\soccer\ViewClasses\MediumView\sprt 130647.jpg,view,MediumView,-1,0,train
C:\Users\Yannick\data\soccer\ViewClasses\OuterView\sprt 091555.jpg,view,OuterView,-1,1,train
C:\Users\Yannick\data\soccer\ViewClasses\OuterView\sprt 047263.jpg,view,OuterView,-1,1,train
C:\Users\Yannick\data\soccer\ViewClasses\ShotView\sprt 044038.jpg,view,ShotView,-1,2,train
C:\Users\Yannick\data\soccer\ViewClasses\longView\sprt 093931.jpg,view,longView,-1,3,test
C:\Users\Yannick\data\soccer\ViewClasses\MediumView\sprt 041709.jpg,view,MediumView,-1,0,train
C:\Users\Yannick\data\soccer\ViewClasses\OuterView\sprt 030668.jpg,view,OuterView,-1,1,train
C:\Users\Yannick\data\soccer\ViewClasses\OuterView\sprt 020281.jpg,view,OuterView,-1,1,train
C:\Users\Yannick\data\soccer\ViewClasses\MediumView\sprt 026535.jpg,view,MediumView,-1,0,train
C:\Users\Yannick\data\soccer\ViewClasses\OuterView\sprt 115977.jpg,view,OuterView,-1,1,test
C:\Users\Yannick\data\soccer\ViewClasses\OuterView\sprt 002452.jpg,view,OuterView,-1,1,train
C:\Users\Yannick\data\soccer\ViewClasses\OuterView\sprt 020273.jpg,view,OuterView,-1,1,train
C:\Users\Yannick\data\soccer\ViewClasses\MediumView\sprt 133368.jpg,view,MediumView,-1,0,val
C:\Users\Yannick\data\soccer\ViewClasses\OuterView\sprt 091586.jpg,view,OuterView,-1,1,val
C:\Users\Yannick\data\soccer\ViewClasses\MediumView\sprt 038836.jpg,view,MediumView,-1,0,train
C:\Users\Yannick\data\soccer\ViewClasses\OuterView\sprt 090840.jpg,view,OuterView,-1,1,train
C:\Users\Yannick\data\soccer\ViewClasses\ShotView\sprt 114724.jpg,view,ShotView,-1,2,train
C:\Users\Yannick\data\soccer\ViewClasses\ShotView\sprt 075549.jpg,view,ShotView,-1,2,test
C:\Users\Yannick\data\soccer\ViewClasses\OuterView\sprt 053895.jpg,view,OuterView,-1,1,train
C:\Users\Yannick\data\soccer\ViewClasses\longView\sprt 101429.jpg,view,longView,-1,3,test
C:\Users\Yannick\data\soccer\ViewClasses\MediumView\sprt 116139.jpg,view,MediumView,-1,0,train
C:\Users\Yannick\data\soccer\ViewClasses\ShotView\sprt 114469.jpg,view,ShotView,-1,2,train
C:\Users\Yannick\data\soccer\ViewClasses\longView\sprt 109050.jpg,view,longView,-1,3,train
C:\Users\Yannick\data\soccer\ViewClasses\ShotView\sprt 101906.jpg,view,ShotView,-1,2,test
C:\Users\Yannick\data\soccer\ViewClasses\OuterView\sprt 113558.jpg,view,OuterView,-1,1,train
C:\Users\Yannick\data\soccer\ViewClasses\OuterView\sprt 099575.jpg,view,OuterView,-1,1,train
C:\Users\Yannick\data\soccer\ViewClasses\ShotView\sprt 136526.jpg,view,ShotView,-1,2,train
C:\Users\Yannick\data\soccer\ViewClasses\longView\sprt 016352.jpg,view,longView,-1,3,val
C:\Users\Yannick\data\soccer\ViewClasses\MediumView\sprt 072003.jpg,view,MediumView,-1,0,val
C:\Users\Yannick\data\soccer\ViewClasses\ShotView\sprt 009909.jpg,view,ShotView,-1,2,train
C:\Users\Yannick\data\soccer\ViewClasses\MediumView\sprt 034463.jpg,view,MediumView,-1,0,train
C:\Users\Yannick\data\soccer\ViewClasses\ShotView\sprt 048935.jpg,view,ShotView,-1,2,test
C:\Users\Yannick\data\soccer\ViewClasses\OuterView\sprt 091234.jpg,view,OuterView,-1,1,val
C:\Users\Yannick\data\soccer\ViewClasses\longView\sprt 108825.jpg,view,longView,-1,3,train
C:\Users\Yannick\data\soccer\ViewClasses\MediumView\sprt 084815.jpg,view,MediumView,-1,0,val
C:\Users\Yannick\data\soccer\ViewClasses\longView\sprt 128421.jpg,view,longView,-1,3,val
C:\Users\Yannick\data\soccer\ViewClasses\MediumView\sprt 116082.jpg,view,MediumView,-1,0,test
C:\Users\Yannick\data\soccer\ViewClasses\MediumView\sprt 055276.jpg,view,MediumView,-1,0,train
C:\Users\Yannick\data\soccer\ViewClasses\MediumView\sprt 054755.jpg,view,MediumView,-1,0,train
C:\Users\Yannick\data\soccer\ViewClasses\OuterView\sprt 099494.jpg,view,OuterView,-1,1,train
C:\Users\Yannick\data\soccer\ViewClasses\OuterView\sprt 000695.jpg,view,OuterView,-1,1,test
C:\Users\Yannick\data\soccer\ViewClasses\ShotView\sprt 075424.jpg,view,ShotView,-1,2,val
C:\Users\Yannick\data\soccer\ViewClasses\longView\sprt 010665.jpg,view,longView,-1,3,train
C:\Users\Yannick\data\soccer\ViewClasses\OuterView\sprt 002897.jpg,view,OuterView,-1,1,val
C:\Users\Yannick\data\soccer\ViewClasses\longView\sprt 127854.jpg,view,longView,-1,3,train
C:\Users\Yannick\data\soccer\ViewClasses\longView\sprt 111452.jpg,view,longView,-1,3,train
C:\Users\Yannick\data\soccer\ViewClasses\longView\sprt 106011.jpg,view,longView,-1,3,train
C:\Users\Yannick\data\soccer\ViewClasses\OuterView\sprt 000853 - Copy.jpg,view,OuterView,-1,1,val
C:\Users\Yannick\data\soccer\ViewClasses\longView\sprt 097157.jpg,view,longView,-1,3,train
C:\Users\Yannick\data\soccer\ViewClasses\longView\sprt 004169.jpg,view,longView,-1,3,train
C:\Users\Yannick\data\soccer\ViewClasses\ShotView\sprt 052193.jpg,view,ShotView,-1,2,test
C:\Users\Yannick\data\soccer\ViewClasses\OuterView\sprt 000206.jpg,view,OuterView,-1,1,train
C:\Users\Yannick\data\soccer\ViewClasses\OuterView\sprt 070181.jpg,view,OuterView,-1,1,train
C:\Users\Yannick\data\soccer\ViewClasses\OuterView\sprt 061529.jpg,view,OuterView,-1,1,train
C:\Users\Yannick\data\soccer\ViewClasses\OuterView\sprt 121365.jpg,view,OuterView,-1,1,test
C:\Users\Yannick\data\soccer\ViewClasses\MediumView\sprt 059967.jpg,view,MediumView,-1,0,train
C:\Users\Yannick\data\soccer\ViewClasses\longView\sprt 011929.jpg,view,longView,-1,3,train
C:\Users\Yannick\data\soccer\ViewClasses\ShotView\sprt 014684.jpg,view,ShotView,-1,2,train
C:\Users\Yannick\data\soccer\ViewClasses\OuterView\sprt 090568.jpg,view,OuterView,-1,1,test
C:\Users\Yannick\data\soccer\ViewClasses\OuterView\sprt 000260.jpg,view,OuterView,-1,1,test
C:\Users\Yannick\data\soccer\ViewClasses\OuterView\sprt 004608.jpg,view,OuterView,-1,1,train
C:\Users\Yannick\data\soccer\ViewClasses\OuterView\sprt 089345.jpg,view,OuterView,-1,1,train
C:\Users\Yannick\data\soccer\ViewClasses\OuterView\sprt 002090.jpg,view,OuterView,-1,1,train
C:\Users\Yannick\data\soccer\ViewClasses\OuterView\sprt 000777.jpg,view,OuterView,-1,1,train
C:\Users\Yannick\data\soccer\ViewClasses\MediumView\sprt 105563.jpg,view,MediumView,-1,0,train
C:\Users\Yannick\data\soccer\ViewClasses\MediumView\sprt 041412.jpg,view,MediumView,-1,0,train
C:\Users\Yannick\data\soccer\ViewClasses\OuterView\sprt 085650.jpg,view,OuterView,-1,1,train
C:\Users\Yannick\data\soccer\ViewClasses\ShotView\sprt 063096.jpg,view,ShotView,-1,2,train
C:\Users\Yannick\data\soccer\ViewClasses\OuterView\sprt 068068.jpg,view,OuterView,-1,1,test
C:\Users\Yannick\data\soccer\ViewClasses\OuterView\sprt 001372.jpg,view,OuterView,-1,1,train
C:\Users\Yannick\data\soccer\ViewClasses\MediumView\sprt 012522.jpg,view,MediumView,-1,0,train
C:\Users\Yannick\data\soccer\ViewClasses\longView\sprt 025537.jpg,view,longView,-1,3,test
C:\Users\Yannick\data\soccer\ViewClasses\MediumView\sprt 130773.jpg,view,MediumView,-1,0,val
C:\Users\Yannick\data\soccer\ViewClasses\ShotView\sprt 052223.jpg,view,ShotView,-1,2,train
C:\Users\Yannick\data\soccer\ViewClasses\longView\sprt 125209.jpg,view,longView,-1,3,train
C:\Users\Yannick\data\soccer\ViewClasses\OuterView\sprt 085085.jpg,view,OuterView,-1,1,test
C:\Users\Yannick\data\soccer\ViewClasses\OuterView\sprt 002164.jpg,view,OuterView,-1,1,train
C:\Users\Yannick\data\soccer\ViewClasses\ShotView\sprt 033839.jpg,view,ShotView,-1,2,test
C:\Users\Yannick\data\soccer\ViewClasses\OuterView\sprt 001318.jpg,view,OuterView,-1,1,train
C:\Users\Yannick\data\soccer\ViewClasses\OuterView\sprt 002349.jpg,view,OuterView,-1,1,train
C:\Users\Yannick\data\soccer\ViewClasses\MediumView\sprt 105453.jpg,view,MediumView,-1,0,train
C:\Users\Yannick\data\soccer\ViewClasses\OuterView\sprt 001934.jpg,view,OuterView,-1,1,val
C:\Users\Yannick\data\soccer\ViewClasses\ShotView\sprt 009883.jpg,view,ShotView,-1,2,train
C:\Users\Yannick\data\soccer\ViewClasses\ShotView\sprt 052463.jpg,view,ShotView,-1,2,train
C:\Users\Yannick\data\soccer\ViewClasses\ShotView\sprt 064772.jpg,view,ShotView,-1,2,val
C:\Users\Yannick\data\soccer\ViewClasses\ShotView\sprt 072597.jpg,view,ShotView,-1,2,train
C:\Users\Yannick\data\soccer\ViewClasses\longView\sprt 018596.jpg,view,longView,-1,3,val
C:\Users\Yannick\data\soccer\ViewClasses\MediumView\sprt 116198.jpg,view,MediumView,-1,0,train
C:\Users\Yannick\data\soccer\ViewClasses\MediumView\sprt 062762.jpg,view,MediumView,-1,0,train
C:\Users\Yannick\data\soccer\ViewClasses\MediumView\sprt 117097.jpg,view,MediumView,-1,0,train
C:\Users\Yannick\data\soccer\ViewClasses\longView\sprt 086611.jpg,view,longView,-1,3,train
C:\Users\Yannick\data\soccer\ViewClasses\longView\sprt 099407.jpg,view,longView,-1,3,train
C:\Users\Yannick\data\soccer\ViewClasses\MediumView\sprt 109360.jpg,view,MediumView,-1,0,val
C:\Users\Yannick\data\soccer\ViewClasses\longView\sprt 092032.jpg,view,longView,-1,3,train
C:\Users\Yannick\data\soccer\ViewClasses\MediumView\sprt 085048.jpg,view,MediumView,-1,0,train
C:\Users\Yannick\data\soccer\ViewClasses\OuterView\sprt 089346.jpg,view,OuterView,-1,1,test
C:\Users\Yannick\data\soccer\ViewClasses\OuterView\sprt 020290 - Copy.jpg,view,OuterView,-1,1,train
C:\Users\Yannick\data\soccer\ViewClasses\MediumView\sprt 020404.jpg,view,MediumView,-1,0,train
C:\Users\Yannick\data\soccer\ViewClasses\ShotView\sprt 087530.jpg,view,ShotView,-1,2,val
C:\Users\Yannick\data\soccer\ViewClasses\OuterView\sprt 063781.jpg,view,OuterView,-1,1,train
C:\Users\Yannick\data\soccer\ViewClasses\OuterView\sprt 083188.jpg,view,OuterView,-1,1,val
C:\Users\Yannick\data\soccer\ViewClasses\ShotView\sprt 089265.jpg,view,ShotView,-1,2,train
C:\Users\Yannick\data\soccer\ViewClasses\OuterView\sprt 000004.jpg,view,OuterView,-1,1,train
C:\Users\Yannick\data\soccer\ViewClasses\OuterView\sprt 103840.jpg,view,OuterView,-1,1,train
C:\Users\Yannick\data\soccer\ViewClasses\ShotView\sprt 110158.jpg,view,ShotView,-1,2,train
C:\Users\Yannick\data\soccer\ViewClasses\OuterView\sprt 070817.jpg,view,OuterView,-1,1,test
C:\Users\Yannick\data\soccer\ViewClasses\longView\sprt 003484.jpg,view,longView,-1,3,train
C:\Users\Yannick\data\soccer\ViewClasses\ShotView\sprt 075394.jpg,view,ShotView,-1,2,train
C:\Users\Yannick\data\soccer\ViewClasses\ShotView\sprt 128246.jpg,view,ShotView,-1,2,train
C:\Users\Yannick\data\soccer\ViewClasses\MediumView\sprt 135469.jpg,view,MediumView,-1,0,test
C:\Users\Yannick\data\soccer\ViewClasses\MediumView\sprt 072026.jpg,view,MediumView,-1,0,train
C:\Users\Yannick\data\soccer\ViewClasses\MediumView\sprt 059713.jpg,view,MediumView,-1,0,train
C:\Users\Yannick\data\soccer\ViewClasses\longView\sprt 002675.jpg,view,longView,-1,3,val
C:\Users\Yannick\data\soccer\ViewClasses\longView\sprt 010869.jpg,view,longView,-1,3,train
C:\Users\Yannick\data\soccer\ViewClasses\longView\sprt 129965.jpg,view,longView,-1,3,test
C:\Users\Yannick\data\soccer\ViewClasses\longView\sprt 097039.jpg,view,longView,-1,3,train
C:\Users\Yannick\data\soccer\ViewClasses\MediumView\sprt 041531.jpg,view,MediumView,-1,0,train
C:\Users\Yannick\data\soccer\ViewClasses\longView\sprt 011753.jpg,view,longView,-1,3,val
C:\Users\Yannick\data\soccer\ViewClasses\MediumView\sprt 122739.jpg,view,MediumView,-1,0,train
C:\Users\Yannick\data\soccer\ViewClasses\MediumView\sprt 055004.jpg,view,MediumView,-1,0,train
C:\Users\Yannick\data\soccer\ViewClasses\MediumView\sprt 049012.jpg,view,MediumView,-1,0,test
C:\Users\Yannick\data\soccer\ViewClasses\OuterView\sprt 090761.jpg,view,OuterView,-1,1,val
C:\Users\Yannick\data\soccer\ViewClasses\longView\sprt 013307.jpg,view,longView,-1,3,train
C:\Users\Yannick\data\soccer\ViewClasses\MediumView\sprt 067968.jpg,view,MediumView,-1,0,train
C:\Users\Yannick\data\soccer\ViewClasses\ShotView\sprt 040459.jpg,view,ShotView,-1,2,train
C:\Users\Yannick\data\soccer\ViewClasses\MediumView\sprt 122360.jpg,view,MediumView,-1,0,train
C:\Users\Yannick\data\soccer\ViewClasses\longView\sprt 109697.jpg,view,longView,-1,3,train
C:\Users\Yannick\data\soccer\ViewClasses\ShotView\sprt 110197.jpg,view,ShotView,-1,2,val
C:\Users\Yannick\data\soccer\ViewClasses\MediumView\sprt 116170.jpg,view,MediumView,-1,0,train
C:\Users\Yannick\data\soccer\ViewClasses\MediumView\sprt 040048.jpg,view,MediumView,-1,0,train
C:\Users\Yannick\data\soccer\ViewClasses\OuterView\sprt 061571.jpg,view,OuterView,-1,1,train
C:\Users\Yannick\data\soccer\ViewClasses\MediumView\sprt 024936.jpg,view,MediumView,-1,0,train
C:\Users\Yannick\data\soccer\ViewClasses\longView\sprt 107530.jpg,view,longView,-1,3,train
C:\Users\Yannick\data\soccer\ViewClasses\longView\sprt 125552.jpg,view,longView,-1,3,train
C:\Users\Yannick\data\soccer\ViewClasses\longView\sprt 125203.jpg,view,longView,-1,3,train
C:\Users\Yannick\data\soccer\ViewClasses\longView\sprt 125063.jpg,view,longView,-1,3,train
C:\Users\Yannick\data\soccer\ViewClasses\OuterView\sprt 070116.jpg,view,OuterView,-1,1,train
C:\Users\Yannick\data\soccer\ViewClasses\MediumView\sprt 135306.jpg,view,MediumView,-1,0,train
C:\Users\Yannick\data\soccer\ViewClasses\OuterView\sprt 075935.jpg,view,OuterView,-1,1,test
C:\Users\Yannick\data\soccer\ViewClasses\ShotView\sprt 021721.jpg,view,ShotView,-1,2,train
C:\Users\Yannick\data\soccer\ViewClasses\OuterView\sprt 113450.jpg,view,OuterView,-1,1,val
